date,heat
1990-01-05,45.1
1990-01-12,40.3
1990-01-19,40.4
1990-01-26,37.3
1990-02-02,40.5
1990-02-09,41.3
1990-02-16,41.4
1990-02-23,40.2
1990-03-02,42.7
1990-03-09,43.7
1990-03-16,44.9
1990-03-23,44
1990-03-30,43.7
1990-04-06,39.3
1990-04-20,38.5
1990-04-27,37.5
1990-05-04,46.4
1990-05-11,48.4
1990-05-18,50.8
1990-05-25,52.4
1990-06-01,53.1
1990-06-08,52.6
1990-06-15,54.8
1990-06-22,52.2
1990-06-29,53.3
1990-07-06,47.4
1990-07-13,50.2
1990-07-20,45.9
1990-07-27,42.8
1990-08-03,35
1990-08-10,34
1990-08-17,32.4
1990-08-24,30.4
1990-08-31,31.5
1990-09-07,29.2
1990-09-14,28.8
1990-09-21,28.1
1990-09-28,27.5
1990-10-05,26.7
1990-10-12,26.1
1990-10-19,26.5
1990-10-26,26.5
1990-11-02,28
1990-11-09,28.4
1990-11-16,29
1990-11-23,29
1990-11-30,30.3
1990-12-07,33.2
1990-12-14,33
1990-12-21,34
1990-12-28,33.8
1991-01-04,42.4
1991-01-11,41.9
1991-01-18,44.5
1991-01-25,48.6
1991-02-01,58.1
1991-02-08,63.8
1991-02-15,66.7
1991-02-22,66.6
1991-03-01,72.9
1991-03-08,74.6
1991-03-15,73.7
1991-03-22,73.5
1991-04-05,75
1991-04-12,75.2
1991-04-19,75.1
1991-04-26,74.6
1991-05-03,79.9
1991-05-10,79.9
1991-05-17,78.7
1991-05-24,79.5
1991-05-31,80.4
1991-06-07,73.1
1991-06-14,72.5
1991-06-21,71.2
1991-06-28,69.5
1991-07-05,74.2
1991-07-12,76.6
1991-07-19,76.6
1991-07-26,75.4
1991-08-02,78.7
1991-08-09,78.4
1991-08-16,78.2
1991-08-23,78.7
1991-08-30,78.7
1991-09-06,76.9
1991-09-13,76
1991-09-20,77.1
1991-09-27,75.7
1991-10-04,74.7
1991-10-11,73.5
1991-10-18,77.1
1991-10-25,72.7
1991-11-01,73.9
1991-11-08,74.6
1991-11-15,69.6
1991-11-22,67.9
1991-11-29,66.7
1991-12-06,72.3
1991-12-13,72.9
1991-12-20,71.2
1991-12-27,77.8
1992-01-03,82.8
1992-01-10,84.3
1992-01-17,84.8
1992-01-24,84.4
1992-01-31,83.8
1992-02-07,85.4
1992-02-14,85.2
1992-02-21,84.3
1992-02-28,84.3
1992-03-06,80.1
1992-03-13,79.9
1992-03-20,80.3
1992-03-27,76
1992-04-03,71.2
1992-04-10,69.3
1992-04-24,65.2
1992-05-01,65.9
1992-05-08,67.3
1992-05-15,64.3
1992-05-22,65
1992-05-29,65.8
1992-06-05,64
1992-06-12,60.6
1992-06-19,58.1
1992-06-26,57.1
1992-07-10,60.6
1992-07-17,60.8
1992-07-24,59.9
1992-07-31,62.3
1992-08-07,58.8
1992-08-14,58.5
1992-08-21,56.9
1992-08-28,56.9
1992-09-04,59.9
1992-09-11,61.4
1992-09-18,62.3
1992-09-25,59.9
1992-10-02,59.8
1992-10-09,59.5
1992-10-16,61.6
1992-10-23,64.5
1992-10-30,66.2
1992-11-06,71.8
1992-11-13,75.9
1992-11-20,76.9
1992-11-27,78.3
1992-12-04,81.3
1992-12-11,80.1
1992-12-18,80.9
1993-01-08,83.4
1993-01-15,85.1
1993-01-22,85.1
1993-01-29,84.5
1993-02-05,82.3
1993-02-12,80.7
1993-02-19,75.7
1993-02-26,76.6
1993-03-05,78.6
1993-03-12,80
1993-03-19,77.6
1993-03-26,76.9
1993-04-02,71.8
1993-04-16,70.2
1993-04-23,67.8
1993-04-30,68.1
1993-05-07,74.2
1993-05-14,72.8
1993-05-21,75.6
1993-05-28,76.1
1993-06-04,75.8
1993-06-11,73.4
1993-06-18,72
1993-06-25,72.5
1993-07-02,73.4
1993-07-09,73.3
1993-07-16,71.4
1993-07-23,70.8
1993-07-30,71
1993-08-06,75.4
1993-08-13,74.8
1993-08-20,76.5
1993-08-27,76.6
1993-09-03,79.8
1993-09-10,78.5
1993-09-17,77.3
1993-09-24,79.5
1993-10-01,80.9
1993-10-08,80.6
1993-10-15,83.9
1993-10-22,81
1993-10-29,81.8
1993-11-05,76
1993-11-12,78.5
1993-11-19,73.2
1993-11-26,73.6
1993-12-03,77.5
1993-12-10,74.9
1993-12-17,74.2
1993-12-31,76.8
1994-01-07,78.9
1994-01-14,80.1
1994-01-21,79.8
1994-01-28,79.6
1994-02-04,73.8
1994-02-11,73.9
1994-02-18,74.8
1994-02-25,73.4
1994-03-04,70
1994-03-11,69.3
1994-03-18,71.7
1994-03-25,67.2
1994-04-08,60.7
1994-04-15,58.2
1994-04-22,57.6
1994-04-29,58.7
1994-05-06,58
1994-05-13,56.5
1994-05-20,57.4
1994-05-27,58
1994-06-03,56
1994-06-10,55
1994-06-17,54.6
1994-06-24,51.8
1994-07-01,53.5
1994-07-08,53.6
1994-07-15,54.8
1994-07-22,54.5
1994-07-29,55.2
1994-08-05,57.7
1994-08-12,59.5
1994-08-19,61
1994-08-26,64
1994-09-02,62.5
1994-09-09,63.2
1994-09-16,65.4
1994-09-23,62.2
1994-09-30,63.2
1994-10-07,61.8
1994-10-14,64.4
1994-10-21,64.2
1994-10-28,66.1
1994-11-04,60.9
1994-11-11,60.5
1994-11-18,61
1994-11-25,57.7
1994-12-02,58.4
1994-12-09,55.1
1994-12-16,56.6
1994-12-23,58.6
1994-12-30,60.4
1995-01-06,58.7
1995-01-13,60.9
1995-01-20,60.7
1995-01-27,60.1
1995-02-03,64.3
1995-02-10,67.7
1995-02-17,66.7
1995-02-24,67.3
1995-03-03,69.3
1995-03-10,69.6
1995-03-17,70.3
1995-03-24,71.8
1995-03-31,71.1
1995-04-07,70.8
1995-04-21,71.3
1995-04-28,74.2
1995-05-05,73.5
1995-05-12,75.3
1995-05-19,75.5
1995-05-26,75.9
1995-06-02,80.5
1995-06-09,81.5
1995-06-16,83.5
1995-06-23,85
1995-06-30,84.4
1995-07-07,89.3
1995-07-14,90.2
1995-07-21,88.4
1995-07-28,89.9
1995-08-04,89.4
1995-08-11,89.6
1995-08-18,90.3
1995-08-25,89.6
1995-09-01,88.1
1995-09-08,89.4
1995-09-15,88.6
1995-09-22,88.3
1995-09-29,87.5
1995-10-06,83.1
1995-10-13,83
1995-10-20,84
1995-10-27,82.2
1995-11-03,84
1995-11-10,83.5
1995-11-17,81.3
1995-11-24,79
1995-12-01,77.5
1995-12-08,77.5
1995-12-15,72.6
1995-12-22,74
1995-12-29,74
1996-01-05,70.8
1996-01-12,66.4
1996-01-19,67.2
1996-01-26,69.6
1996-02-02,71.9
1996-02-09,73.9
1996-02-16,72.5
1996-02-23,75.2
1996-03-01,70.2
1996-03-08,66.2
1996-03-15,70.4
1996-03-22,70
1996-03-29,69.2
1996-04-12,73.4
1996-04-19,77.8
1996-04-26,82.5
1996-05-03,83.4
1996-05-10,84.5
1996-05-17,86.5
1996-05-24,86.4
1996-05-31,85.9
1996-06-07,78.9
1996-06-14,76.9
1996-06-21,71.9
1996-06-28,72.9
1996-07-05,65.5
1996-07-12,58.9
1996-07-19,58.2
1996-07-26,56.5
1996-08-02,61.6
1996-08-09,62.8
1996-08-16,62
1996-08-23,62.9
1996-08-30,62.5
1996-09-06,64.8
1996-09-13,70.7
1996-09-20,74.1
1996-09-27,74.8
1996-10-04,73.6
1996-10-11,73.1
1996-10-18,71.7
1996-10-25,68.5
1996-11-01,68
1996-11-08,71.8
1996-11-15,71.6
1996-11-22,72.6
1996-11-29,74.2
1996-12-06,72.6
1996-12-13,71.5
1996-12-20,71.4
1996-12-27,71.1
1997-01-03,74.5
1997-01-10,76.1
1997-01-17,76.9
1997-01-24,77.6
1997-01-31,78.3
1997-02-07,71.5
1997-02-14,71.9
1997-02-21,68
1997-02-28,64.6
1997-03-07,59.8
1997-03-14,57.3
1997-03-21,53.2
1997-04-04,56.5
1997-04-11,54
1997-04-18,55.1
1997-04-25,54
1997-05-02,63.9
1997-05-09,66.6
1997-05-16,66.5
1997-05-23,71.4
1997-05-30,71.9
1997-06-06,70
1997-06-13,71.1
1997-06-20,72.4
1997-06-27,70.9
1997-07-11,77.4
1997-07-18,78.9
1997-07-25,79.3
1997-08-01,79.3
1997-08-08,79
1997-08-15,77.3
1997-08-22,78.3
1997-08-29,77.5
1997-09-05,81.1
1997-09-12,81.1
1997-09-19,81.7
1997-09-26,81.4
1997-10-03,77.9
1997-10-10,78.1
1997-10-17,75.5
1997-10-24,74.3
1997-10-31,69.4
1997-11-07,70.9
1997-11-14,68.4
1997-11-21,71.4
1997-11-28,68.9
1997-12-05,68.1
1997-12-12,58.1
1997-12-19,56.6
1997-12-26,55.2
1998-01-02,62.6
1998-01-09,55.6
1998-01-16,59.5
1998-01-23,60.1
1998-01-30,63.1
1998-02-06,71.4
1998-02-13,71.7
1998-02-20,72.5
1998-02-27,74.8
1998-03-06,71.6
1998-03-13,72.2
1998-03-20,72.8
1998-03-27,74.3
1998-04-03,73.8
1998-04-17,73.3
1998-04-24,72.8
1998-05-01,69.1
1998-05-08,67.9
1998-05-15,65.9
1998-05-22,61.7
1998-05-29,59.1
1998-06-05,64
1998-06-12,60.6
1998-06-19,63.2
1998-06-26,70.3
1998-07-10,70.5
1998-07-17,72.7
1998-07-24,68.8
1998-07-31,63.6
1998-08-07,51.5
1998-08-14,46.6
1998-08-21,46.7
1998-08-28,38.4
1998-09-04,47.6
1998-09-11,49.6
1998-09-18,50.2
1998-09-25,54
1998-10-02,51.7
1998-10-09,49.3
1998-10-16,51.9
1998-10-23,54.3
1998-10-30,58.1
1998-11-06,63.4
1998-11-13,62.3
1998-11-20,68.2
1998-11-27,74.4
1998-12-04,77.5
1998-12-11,78.6
1998-12-18,80.8
1999-01-08,91.4
1999-01-15,91.3
1999-01-22,91.2
1999-01-29,91.8
1999-02-05,84.2
1999-02-12,83.3
1999-02-19,82.3
1999-02-26,82.1
1999-03-05,85.3
1999-03-12,85.9
1999-03-19,86.1
1999-03-26,85.8
1999-04-09,86.8
1999-04-16,85.6
1999-04-23,86.5
1999-04-30,85.9
1999-05-07,82.7
1999-05-14,82.8
1999-05-21,82.2
1999-05-28,80.6
1999-06-04,87.1
1999-06-11,85.6
1999-06-18,88
1999-06-25,87.1
1999-07-02,85
1999-07-09,85.4
1999-07-16,85.7
1999-07-23,82.2
1999-07-30,79.8
1999-08-06,79.8
1999-08-13,83.7
1999-08-20,82.9
1999-08-27,86.8
1999-09-03,88.3
1999-09-10,88.8
1999-09-17,87.9
1999-09-24,81.5
1999-10-01,84.3
1999-10-08,90.5
1999-10-15,81.9
1999-10-22,85.9
1999-10-29,91.5
1999-11-05,96.7
1999-11-12,98.2
1999-11-19,99.1
1999-11-26,99.4
1999-12-03,99.9
1999-12-10,99.9
1999-12-17,99.9
1999-12-31,99.9
2000-01-07,99.6
2000-01-14,99.7
2000-01-21,99.7
2000-01-28,99.5
2000-02-04,99.4
2000-02-11,99.4
2000-02-18,99.4
2000-02-25,99.4
2000-03-03,99.6
2000-03-10,99.6
2000-03-17,99.5
2000-03-24,99.5
2000-03-31,99.2
2000-04-07,98.5
2000-04-14,71.1
2000-04-28,87.1
2000-05-05,80.5
2000-05-12,70.1
2000-05-19,66.8
2000-05-26,64.6
2000-06-02,80.4
2000-06-09,81.6
2000-06-16,80
2000-06-23,78.5
2000-06-30,81.8
2000-07-07,82.4
2000-07-14,89.2
2000-07-21,82.4
2000-07-28,69.9
2000-08-04,72.4
2000-08-11,71.9
2000-08-18,74.6
2000-08-25,76.9
2000-09-01,79.5
2000-09-08,71.3
2000-09-15,68
2000-09-22,67.4
2000-09-29,65.9
2000-10-06,60.9
2000-10-13,60.8
2000-10-20,61.9
2000-10-27,60.8
2000-11-03,45.1
2000-11-10,43.3
2000-11-17,43.4
2000-11-24,43.2
2000-12-01,41.4
2000-12-08,41.8
2000-12-15,41.4
2000-12-22,41.4
2000-12-29,41.4
2001-01-05,48.3
2001-01-12,48.6
2001-01-19,49
2001-01-26,49.1
2001-02-02,32.6
2001-02-09,32.3
2001-02-16,32.2
2001-02-23,32
2001-03-02,26.3
2001-03-09,26.3
2001-03-16,26.3
2001-03-23,26.3
2001-03-30,26.3
2001-04-06,32.2
2001-04-20,32.6
2001-04-27,32.5
2001-05-04,31.3
2001-05-11,31.2
2001-05-18,31.6
2001-05-25,31.9
2001-06-01,32.9
2001-06-08,33.4
2001-06-15,32.7
2001-06-22,32.9
2001-06-29,33.9
2001-07-06,27.7
2001-07-13,28.6
2001-07-20,28.4
2001-07-27,28.6
2001-08-03,25.8
2001-08-10,25
2001-08-17,24.4
2001-08-24,25.2
2001-08-31,24.4
2001-09-07,13.5
2001-09-21,12.9
2001-09-28,13.1
2001-10-05,16.4
2001-10-12,17.2
2001-10-19,17
2001-10-26,18.3
2001-11-02,26.5
2001-11-09,28.3
2001-11-16,30.6
2001-11-23,31.4
2001-11-30,33.3
2001-12-07,39.8
2001-12-14,36.2
2001-12-21,36.1
2001-12-28,38.8
2002-01-04,42.6
2002-01-11,39.7
2002-01-18,34
2002-01-25,34.2
2002-02-01,25.1
2002-02-08,21.8
2002-02-15,21.6
2002-02-22,20
2002-03-01,26.3
2002-03-08,32.2
2002-03-15,29.5
2002-03-22,29.1
2002-04-05,20.7
2002-04-12,20.5
2002-04-19,22.3
2002-04-26,18.7
2002-05-03,15.8
2002-05-10,15.8
2002-05-17,19.4
2002-05-24,17.3
2002-05-31,16.4
2002-06-07,9.9
2002-06-14,9.6
2002-06-21,8.9
2002-06-28,9.3
2002-07-05,3.4
2002-07-12,2.7
2002-07-19,2.3
2002-07-26,2.1
2002-08-02,1.9
2002-08-09,2.3
2002-08-16,2.8
2002-08-23,3.1
2002-08-30,2.5
2002-09-06,1.5
2002-09-13,1.6
2002-09-20,1.1
2002-09-27,1.1
2002-10-04,2.7
2002-10-11,3.2
2002-10-18,4.3
2002-10-25,5.2
2002-11-01,8.1
2002-11-08,8.2
2002-11-15,10.1
2002-11-22,13.2
2002-11-29,14.2
2002-12-06,9.2
2002-12-13,7.3
2002-12-20,7.7
2002-12-27,7.6
2003-01-03,9.5
2003-01-10,13.9
2003-01-17,9.9
2003-01-24,8.5
2003-01-31,8.5
2003-02-07,8.2
2003-02-14,9.7
2003-02-21,12.5
2003-02-28,12.4
2003-03-07,11.2
2003-03-14,13.9
2003-03-21,21.4
2003-03-28,16.4
2003-04-04,20.3
2003-04-11,18.4
2003-04-25,25.5
2003-05-02,35.6
2003-05-09,36.3
2003-05-16,36.7
2003-05-23,34.9
2003-05-30,38.9
2003-06-06,37.6
2003-06-13,37.4
2003-06-20,37.5
2003-06-27,36.5
2003-07-11,45.5
2003-07-18,44.6
2003-07-25,44.5
2003-08-01,45.2
2003-08-08,41.4
2003-08-15,44.1
2003-08-22,45.7
2003-08-29,46.7
2003-09-05,45.6
2003-09-12,45.3
2003-09-19,46
2003-09-26,42.8
2003-10-03,50.3
2003-10-10,50.4
2003-10-17,49.8
2003-10-24,47.4
2003-10-31,49.8
2003-11-07,50.8
2003-11-14,49.2
2003-11-21,47.5
2003-11-28,49.2
2003-12-05,48.8
2003-12-12,48.7
2003-12-19,48.1
2003-12-26,48.3
2004-01-02,50.3
2004-01-09,52.9
2004-01-16,53
2004-01-23,51.7
2004-01-30,49.8
2004-02-06,46.6
2004-02-13,45
2004-02-20,42.6
2004-02-27,41.4
2004-03-05,42.5
2004-03-12,35.9
2004-03-19,32.4
2004-03-26,33.2
2004-04-02,34.5
2004-04-16,29.8
2004-04-23,31.2
2004-04-30,24
2004-05-07,26.3
2004-05-14,25.1
2004-05-21,25
2004-05-28,29.1
2004-06-04,31
2004-06-18,30.7
2004-06-25,32.5
2004-07-02,23.8
2004-07-09,21.1
2004-07-16,18.7
2004-07-23,17.6
2004-07-30,19.2
2004-08-06,13.6
2004-08-13,13.4
2004-08-20,15.2
2004-08-27,15.9
2004-09-03,17.4
2004-09-10,19.2
2004-09-17,19.9
2004-09-24,18.7
2004-10-01,24.8
2004-10-08,23.7
2004-10-15,23.4
2004-10-22,23.7
2004-10-29,26.8
2004-11-05,34.8
2004-11-12,38
2004-11-19,37
2004-11-26,38.9
2004-12-03,45.1
2004-12-10,43.6
2004-12-17,43.9
2004-12-31,45.9
2005-01-07,35.5
2005-01-14,35.3
2005-01-21,31.8
2005-01-28,31.9
2005-02-04,34.7
2005-02-11,33.9
2005-02-18,32.6
2005-02-25,32.8
2005-03-04,30.5
2005-03-11,28.4
2005-03-18,26.5
2005-04-01,22.8
2005-04-08,23.5
2005-04-15,19.5
2005-04-22,20.5
2005-04-29,20
2005-05-06,28.9
2005-05-13,29.1
2005-05-20,32.6
2005-05-27,34
2005-06-03,32.5
2005-06-10,31.6
2005-06-17,33
2005-06-24,30.5
2005-07-01,34.5
2005-07-08,37.6
2005-07-15,39.9
2005-07-22,41
2005-07-29,41
2005-08-05,39
2005-08-12,37.2
2005-08-19,35.6
2005-08-26,34.5
2005-09-02,35.1
2005-09-09,37.1
2005-09-16,36.1
2005-09-23,33.4
2005-09-30,35.7
2005-10-07,31.8
2005-10-14,30.7
2005-10-21,31.6
2005-10-28,32
2005-11-04,38.5
2005-11-11,40.4
2005-11-18,41.8
2005-11-25,43.6
2005-12-02,44.2
2005-12-09,42.9
2005-12-16,42.3
2005-12-23,41.9
2005-12-30,38.7
2006-01-06,46
2006-01-13,46.2
2006-01-20,41.5
2006-01-27,44.5
2006-02-03,40.4
2006-02-10,39.8
2006-02-17,40.7
2006-02-24,40.5
2006-03-03,41.5
2006-03-10,38.6
2006-03-17,40.9
2006-03-24,41
2006-03-31,42.3
2006-04-07,40.6
2006-04-21,40
2006-04-28,38.3
2006-05-05,34.9
2006-05-12,29
2006-05-19,26.8
2006-05-26,27.5
2006-06-02,28.9
2006-06-09,25.6
2006-06-16,25.4
2006-06-23,25.2
2006-06-30,27
2006-07-07,22
2006-07-14,19.7
2006-07-21,19.5
2006-07-28,21.1
2006-08-04,22.9
2006-08-11,22.3
2006-08-18,25.5
2006-08-25,24.6
2006-09-01,28.3
2006-09-08,27.2
2006-09-15,30.3
2006-09-22,29.5
2006-09-29,31.4
2006-10-06,36.9
2006-10-13,40.4
2006-10-20,39.2
2006-10-27,39.6
2006-11-03,39.8
2006-11-10,43.4
2006-11-17,46.4
2006-11-24,47
2006-12-01,42.9
2006-12-08,44.1
2006-12-15,45.1
2006-12-22,41.6
2006-12-29,42.2
2007-01-05,44.2
2007-01-12,47.9
2007-01-19,44.8
2007-01-26,43.7
2007-02-02,43
2007-02-09,41.9
2007-02-16,43.8
2007-02-23,44.6
2007-03-02,35.2
2007-03-09,36
2007-03-16,34.9
2007-03-23,39.2
2007-03-30,36.9
2007-04-13,42.3
2007-04-20,43.8
2007-04-27,44.9
2007-05-04,46.6
2007-05-11,45.2
2007-05-18,44.2
2007-05-25,43.4
2007-06-01,44.6
2007-06-08,41.6
2007-06-15,44
2007-06-22,41.2
2007-06-29,41.3
2007-07-06,42.1
2007-07-13,43.7
2007-07-20,42
2007-07-27,34.2
2007-08-03,33.8
2007-08-10,35
2007-08-17,33.2
2007-08-24,36.2
2007-08-31,37.1
2007-09-07,37.5
2007-09-14,39.3
2007-09-21,42.9
2007-09-28,44.3
2007-10-05,51.1
2007-10-12,51.9
2007-10-19,47
2007-10-26,50.8
2007-11-02,45.3
2007-11-09,34.9
2007-11-16,35.1
2007-11-23,33.3
2007-11-30,36
2007-12-07,37.7
2007-12-14,33.9
2007-12-21,36.4
2007-12-28,35.1
2008-01-04,21.8
2008-01-11,20.2
2008-01-18,18.6
2008-01-25,18.5
2008-02-01,16.5
2008-02-08,14.9
2008-02-15,15.1
2008-02-22,15
2008-02-29,14.7
2008-03-07,16.7
2008-03-14,16.8
2008-03-28,17.6
2008-04-04,21.2
2008-04-11,19.8
2008-04-18,22.2
2008-04-25,22.9
2008-05-02,27.7
2008-05-09,26.7
2008-05-16,29.9
2008-05-23,26.8
2008-05-30,29.8
2008-06-06,21.7
2008-06-13,21.1
2008-06-20,19.6
2008-06-27,17.5
2008-07-11,23.5
2008-07-18,24.5
2008-07-25,25.4
2008-08-01,25.7
2008-08-08,29.6
2008-08-15,31.6
2008-08-22,30.4
2008-08-29,28.8
2008-09-05,18.4
2008-09-12,18.8
2008-09-19,19.5
2008-09-26,17.5
2008-10-03,18.1
2008-10-10,16.6
2008-10-17,16.9
2008-10-24,16.4
2008-10-31,17.1
2008-11-07,14.6
2008-11-14,14.2
2008-11-21,14.1
2008-11-28,14.3
2008-12-05,18
2008-12-12,18.2
2008-12-19,18.3
2008-12-26,18.2
2009-01-02,13.3
2009-01-09,13
2009-01-16,12.8
2009-01-23,12.7
2009-01-30,12.7
2009-02-06,14
2009-02-13,13.7
2009-02-20,13.2
2009-02-27,13
2009-03-06,24.9
2009-03-13,25.8
2009-03-20,26.2
2009-03-27,27.2
2009-04-03,28.8
2009-04-17,30.9
2009-04-24,32.3
2009-05-01,32.4
2009-05-08,34.2
2009-05-15,31.8
2009-05-22,33.3
2009-05-29,39.7
2009-06-05,47.3
2009-06-12,48.9
2009-06-19,47.9
2009-06-26,49.3
2009-07-10,48.9
2009-07-17,56.6
2009-07-24,58.7
2009-07-31,58.7
2009-08-07,54.9
2009-08-14,54.2
2009-08-21,54.9
2009-08-28,54.8
2009-09-04,55.7
2009-09-11,56.7
2009-09-18,57.2
2009-09-25,56.1
2009-10-02,51.1
2009-10-09,52.8
2009-10-16,52.8
2009-10-23,52.3
2009-10-30,49.1
2009-11-06,52.2
2009-11-13,53.1
2009-11-20,52.1
2009-11-27,51.5
2009-12-04,55.5
2009-12-11,54.8
2009-12-18,54.7
2010-01-08,51.7
2010-01-15,50.4
2010-01-22,46.7
2010-01-29,41.9
2010-02-05,44.6
2010-02-12,46.6
2010-02-19,49.9
2010-02-26,48.7
2010-03-05,55.1
2010-03-12,55.9
2010-03-19,55.6
2010-03-26,55.8
2010-04-09,57.9
2010-04-16,58.1
2010-04-23,58.8
2010-04-30,56.1
2010-05-07,39.2
2010-05-14,43.5
2010-05-21,36.5
2010-05-28,37.6
2010-06-04,32.4
2010-06-11,33.3
2010-06-18,36.2
2010-06-25,31.8
2010-07-02,32.4
2010-07-09,35.6
2010-07-16,34.8
2010-07-23,38.4
2010-07-30,37.6
2010-08-06,34.7
2010-08-13,29.9
2010-08-20,30
2010-08-27,29.1
2010-09-03,39.6
2010-09-10,40
2010-09-17,43.1
2010-09-24,46.5
2010-10-01,49.2
2010-10-08,50.7
2010-10-15,54.5
2010-10-22,54.9
2010-10-29,56.3
2010-11-05,58.8
2010-11-12,55.2
2010-11-19,54.7
2010-11-26,55.2
2010-12-03,62.1
2010-12-10,63.6
2010-12-17,63.4
2010-12-31,63.2
2011-01-07,64.3
2011-01-14,65.5
2011-01-21,63.4
2011-01-28,63
2011-02-04,66.6
2011-02-11,67.3
2011-02-18,67.5
2011-02-25,66.1
2011-03-04,65.7
2011-03-11,62.7
2011-03-18,58.2
2011-03-25,62.8
2011-04-01,65.8
2011-04-08,64.9
2011-04-15,63.4
2011-04-29,66.5
2011-05-06,61.6
2011-05-13,60.9
2011-05-20,58.9
2011-05-27,57.7
2011-06-03,53
2011-06-10,48.3
2011-06-17,46.8
2011-06-24,47.8
2011-07-01,52.7
2011-07-08,54.4
2011-07-15,50.2
2011-07-22,53.2
2011-07-29,47.7
2011-08-05,37.6
2011-08-12,37.2
2011-08-19,34.8
2011-08-26,36.7
2011-09-02,31.5
2011-09-09,31.3
2011-09-16,34.8
2011-09-23,31.5
2011-09-30,30.5
2011-10-07,38.9
2011-10-14,44
2011-10-21,43.1
2011-10-28,46.8
2011-11-04,41.9
2011-11-11,41.6
2011-11-18,38.2
2011-11-25,35.4
2011-12-02,39.5
2011-12-09,40.3
2011-12-16,37.4
2011-12-23,39.6
2011-12-30,39.2
2012-01-06,45.6
2012-01-13,47.1
2012-01-20,50.7
2012-01-27,52.3
2012-02-03,59.2
2012-02-10,58.9
2012-02-17,61.1
2012-02-24,61.5
2012-03-02,63.6
2012-03-09,63.8
2012-03-16,65.7
2012-03-23,65.8
2012-03-30,66
2012-04-13,60.5
2012-04-20,59.8
2012-04-27,62.2
2012-05-04,52
2012-05-11,50.7
2012-05-18,43.3
2012-05-25,45.3
2012-06-01,43.7
2012-06-08,47.9
2012-06-15,48.1
2012-06-22,48.6
2012-06-29,50.1
2012-07-06,49.3
2012-07-13,47.5
2012-07-20,47.7
2012-07-27,48.7
2012-08-03,50
2012-08-10,52.2
2012-08-17,54.4
2012-08-24,53.6
2012-08-31,53
2012-09-07,55.9
2012-09-14,57.4
2012-09-21,56.5
2012-09-28,52.8
2012-10-05,49.7
2012-10-12,44.8
2012-10-19,42.8
2012-10-26,41.9
2012-11-02,42.5
2012-11-09,39.9
2012-11-16,38.4
2012-11-23,41.8
2012-11-30,43.3
2012-12-07,41.4
2012-12-14,41.2
2012-12-21,42.9
2012-12-28,40.8
2013-01-04,47.8
2013-01-11,48.8
2013-01-18,49.2
2013-01-25,49.8
2013-02-01,50.1
2013-02-08,50.6
2013-02-15,50.3
2013-02-22,48.6
2013-03-01,49.9
2013-03-08,53.1
2013-03-15,52.7
2013-03-22,52.1
2013-04-05,49.7
2013-04-12,53.6
2013-04-19,49
2013-04-26,52.1
2013-05-03,57.8
2013-05-10,59.6
2013-05-17,61.2
2013-05-24,59.3
2013-05-31,58.8
2013-06-07,56.9
2013-06-14,54.5
2013-06-21,51.1
2013-06-28,52.9
2013-07-05,60.4
2013-07-12,64.3
2013-07-19,63.5
2013-07-26,63.9
2013-08-02,64
2013-08-09,62.8
2013-08-16,60.4
2013-08-23,61.7
2013-08-30,58.4
2013-09-06,63.5
2013-09-13,64.9
2013-09-20,65.8
2013-09-27,65.4
2013-10-04,67.4
2013-10-11,66.3
2013-10-18,69
2013-10-25,69
2013-11-01,69.8
2013-11-08,69.2
2013-11-15,70.2
2013-11-22,69.9
2013-11-29,70.9
2013-12-06,71.5
2013-12-13,69.2
2013-12-20,71.3
2013-12-27,72
2014-01-03,68.7
2014-01-10,69
2014-01-17,68.9
2014-01-24,66.6
2014-01-31,65
2014-02-07,68.2
2014-02-14,71
2014-02-21,71
2014-02-28,71.5
2014-03-07,68.3
2014-03-14,65
2014-03-21,65.3
2014-03-28,60.3
2014-04-04,56.5
2014-04-11,51.7
2014-04-25,53
2014-05-02,55.7
2014-05-09,53.5
2014-05-16,53.7
2014-05-23,56.4
2014-05-30,58.1
2014-06-06,61.8
2014-06-13,60.8
2014-06-20,62.1
2014-06-27,62.5
2014-07-11,60.7
2014-07-18,60.6
2014-07-25,60.6
2014-08-01,60.4
2014-08-08,60.6
2014-08-15,63.4
2014-08-22,65.5
2014-08-29,66.3
2014-09-05,63.3
2014-09-12,62.2
2014-09-19,62.1
2014-09-26,59.3
2014-10-03,60.7
2014-10-10,55.1
2014-10-17,54.7
2014-10-24,60.4
2014-10-31,65.2
2014-11-07,65.7
2014-11-14,67.1
2014-11-21,67.4
2014-11-28,69.5
2014-12-05,67.6
2014-12-12,62.9
2014-12-19,66.5
2014-12-26,67.5
2015-01-02,62.6
2015-01-09,61.4
2015-01-16,58.7
2015-01-23,62.5
2015-01-30,57.9
2015-02-06,65.4
2015-02-13,69.7
2015-02-20,71.1
2015-02-27,70.6
2015-03-06,67.3
2015-03-13,64.9
2015-03-20,69.3
2015-03-27,64.3
2015-04-10,66.7
2015-04-17,64.1
2015-04-24,68.8
2015-05-01,66.5
2015-05-08,66
2015-05-15,66.9
2015-05-22,67.6
2015-05-29,66.5
2015-06-05,64.1
2015-06-12,63.1
2015-06-19,64.8
2015-06-26,63.2
2015-07-10,62.1
2015-07-17,68.3
2015-07-24,63.6
2015-07-31,64.2
2015-08-07,55.8
2015-08-14,55.5
2015-08-21,48.6
2015-08-28,50.7
2015-09-04,47
2015-09-11,49.3
2015-09-18,49.3
2015-09-25,47
2015-10-02,53.4
2015-10-09,55.4
2015-10-16,56.4
2015-10-23,59.4
2015-10-30,59.7
2015-11-06,61.5
2015-11-13,56.2
2015-11-20,59.9
2015-11-27,60.4
2015-12-04,59.5
2015-12-11,54.7
2015-12-18,54.5
2016-01-08,45.5
2016-01-15,44.2
2016-01-22,45.2
2016-01-29,45.5
2016-02-05,42.3
2016-02-12,42.2
2016-02-19,43.5
2016-02-26,44.5
2016-03-04,49.3
2016-03-11,50
2016-03-18,51.1
2016-04-01,50.7
2016-04-08,49.5
2016-04-15,51.4
2016-04-22,50.8
2016-04-29,48.1
2016-05-06,50.7
2016-05-13,50.4
2016-05-20,51.6
2016-05-27,55.4
2016-06-03,53.1
2016-06-10,51.8
2016-06-17,49.7
2016-06-24,47.7
2016-07-01,55.4
2016-07-08,57.7
2016-07-15,59.5
2016-07-22,61.3
2016-07-29,63.1
2016-08-05,65.2
2016-08-12,65.4
2016-08-19,65.5
2016-08-26,64.7
2016-09-02,67.5
2016-09-09,63.4
2016-09-16,67.1
2016-09-23,68.9
2016-09-30,68.8
2016-10-07,65.2
2016-10-14,62.5
2016-10-21,63.6
2016-10-28,60.9
2016-11-04,58.8
2016-11-11,63.8
2016-11-18,65.7
2016-11-25,67.5
2016-12-02,61.4
2016-12-09,66.7
2016-12-16,65.8
2016-12-23,65.9
2016-12-30,63
2017-01-06,70.1
2017-01-13,71.1
2017-01-20,70.1
2017-01-27,72.5
2017-02-03,74.3
2017-02-10,75.5
2017-02-17,77
2017-02-24,76.7
2017-03-03,76.8
2017-03-10,76
2017-03-17,76.3
2017-03-24,74
2017-03-31,75.4
2017-04-07,75.8
2017-04-21,75.2
2017-04-28,77.9
2017-05-05,79.2
2017-05-12,79
2017-05-19,77.6
2017-05-26,79.8
2017-06-02,78.9
2017-06-09,76.5
2017-06-16,74.6
2017-06-23,76.6
2017-06-30,72.8
2017-07-07,74.9
2017-07-14,78.3
2017-07-21,79.3
2017-07-28,78.3
2017-08-04,77.7
2017-08-11,74.3
2017-08-18,72.4
2017-08-25,72.9
2017-09-01,76.3
2017-09-08,73.6
2017-09-15,75.3
2017-09-22,73.8
2017-09-29,75
2017-10-06,77.3
2017-10-13,76.9
2017-10-20,76.6
2017-10-27,77.8
2017-11-03,79.1
2017-11-10,78.1
2017-11-17,78.1
2017-11-24,79.9
2017-12-01,75.6
2017-12-08,74.7
2017-12-15,76.4
2017-12-22,76.2
2017-12-29,74.2
2018-01-05,81.1
2018-01-12,82.4
2018-01-19,82.9
2018-01-26,84.1
2018-02-02,80.9
2018-02-09,71.6
2018-02-16,79.7
2018-02-23,81.1
2018-03-02,75.4
2018-03-09,79.9
2018-03-16,78.3
2018-03-23,66.9
2018-04-06,65.6
2018-04-13,68.9
2018-04-20,69.2
2018-04-27,68.2
2018-05-04,73.1
2018-05-11,77.1
2018-05-18,75.2
2018-05-25,76.5
2018-06-01,77.4
2018-06-08,78.7
2018-06-15,79.9
2018-06-22,78
2018-06-29,73
2018-07-06,77.1
2018-07-13,79.3
2018-07-20,78.4
2018-07-27,75.6
2018-08-03,79.5
2018-08-10,79.3
2018-08-17,78
2018-08-24,80.3
2018-08-31,83
2018-09-07,75.4
2018-09-14,77.3
2018-09-21,76
2018-09-28,76.6
2018-10-05,63.1
2018-10-12,58.4
2018-10-19,57.6
2018-10-26,54.5
2018-11-02,58.4
2018-11-09,59
2018-11-16,57.2
2018-11-23,54.9
2018-11-30,58.1
2018-12-07,46.6
2018-12-14,46.2
2018-12-21,44
2018-12-28,44.9
2019-01-04,47.7
2019-01-11,48.8
2019-01-18,49.9
2019-01-25,50
2019-02-01,51.2
2019-02-08,51.5
2019-02-15,53.1
2019-02-22,53.6
2019-03-01,57
2019-03-08,55.1
2019-03-15,58
2019-03-22,57.4
2019-03-29,58.5
2019-04-05,64.1
2019-04-12,64.7
2019-04-19,64.7
2019-04-26,66.9
2019-05-03,57.8
2019-05-10,53.6
2019-05-17,52.2
2019-05-24,50
2019-05-31,48.2
2019-06-07,58.9
2019-06-14,59.7
2019-06-21,63.2
2019-06-28,62.8
2019-07-05,65.4
2019-07-12,66.6
2019-07-19,65
2019-07-26,67.6
2019-08-02,58.7
2019-08-09,57.8
2019-08-16,56.7
2019-08-23,54.6
2019-08-30,57.2
2019-09-06,53.7
2019-09-13,54.4
2019-09-20,53.1
2019-09-27,50.2
2019-10-04,52.2
2019-10-11,52.7
2019-10-18,52.6
2019-10-25,54.3
2019-11-01,59.5
2019-11-08,60.4
2019-11-15,60.9
2019-11-22,60
2019-11-29,62
2019-12-06,66.1
2019-12-13,66.8
2019-12-20,69
2019-12-27,69.5
2020-01-03,67.6
2020-01-10,68.7
2020-01-17,69.9
2020-01-24,69.1
2020-01-31,67.3
2020-02-07,61.7
2020-02-14,62.4
2020-02-21,61.5
2020-02-28,49
2020-03-06,43.2
2020-03-13,37.9
2020-03-20,35.4
2020-03-27,36.6
2020-04-03,45.5
2020-04-17,53.3
2020-04-24,53
2020-05-01,58.9
2020-05-08,65.7
2020-05-15,63.7
2020-05-22,67.8
2020-05-29,69.3
2020-06-05,73.1
2020-06-12,70.9
2020-06-19,73.2
2020-06-26,71.5
2020-07-10,77.3
2020-07-17,76.7
2020-07-24,75.9
2020-07-31,77
2020-08-07,82.1
2020-08-14,81.9
2020-08-21,82.5
2020-08-28,82.9
2020-09-04,80.7
2020-09-11,79
2020-09-18,78.4
2020-09-25,78.7
2020-10-02,84.8
2020-10-09,86.2
2020-10-16,86.2
2020-10-23,85.6
2020-10-30,82
2020-11-06,90.3
2020-11-13,89.9
2020-11-20,89.7
2020-11-27,90.5
2020-12-04,91.9
2020-12-11,91.4
2020-12-18,92
2021-01-08,91.9
2021-01-15,91
2021-01-22,92
2021-01-29,90.4
2021-02-05,92.1
2021-02-12,92.2
2021-02-19,91.4
2021-02-26,89.2
2021-03-05,87.1
2021-03-12,88.9
2021-03-19,87.7
2021-03-26,86.5
2021-04-09,89.3
2021-04-16,89.4
2021-04-23,88.9
2021-04-30,88.2
2021-05-07,87.3
2021-05-14,83.6
2021-05-21,83.3
2021-05-28,85.4
2021-06-04,86.5
2021-06-11,88
2021-06-18,87.1
2021-06-25,89
2021-07-02,88.6
2021-07-09,88.5
2021-07-16,86
2021-07-23,88.1
2021-07-30,86.5
2021-08-06,85.5
2021-08-13,84.7
2021-08-20,83
2021-08-27,85.6
2021-09-03,72
2021-09-10,69.8
2021-09-17,68.5
2021-09-24,68
2021-10-01,67.7
2021-10-08,67.5
2021-10-15,69.6
2021-10-22,70.8
2021-10-29,73.9
2021-11-05,73.1
2021-11-12,72
2021-11-19,72.8
2021-11-26,68.3
2021-12-03,62.9
2021-12-10,67.1
2021-12-17,62.7
2021-12-31,65.6
2022-01-07,49.7
2022-01-14,49.3
2022-01-21,44.7
2022-01-28,44.8
2022-02-04,43.5
2022-02-11,42.6
2022-02-18,41.9
2022-02-25,42.3
2022-03-04,44.7
2022-03-11,44
2022-03-18,46.1
2022-03-25,47
2022-04-01,34.2
2022-04-08,32.4
2022-04-22,31
2022-04-29,30.4
2022-05-06,28.8
2022-05-13,28.5
2022-05-20,28.3
2022-05-27,28.9
2022-06-03,21.7
2022-06-10,21.2
2022-06-17,20.9
2022-06-24,21.6
2022-07-01,28.5
2022-07-08,29
2022-07-15,28.9
2022-07-22,29.4
2022-07-29,30.4
2022-08-05,27.1
2022-08-12,28.6
2022-08-19,27.6
2022-08-26,26.3
2022-09-02,28.5
2022-09-09,29.6
2022-09-16,28.5
2022-09-23,27.8
2022-09-30,27.6
2022-10-07,29.2
2022-10-14,29
2022-10-21,29.8
2022-10-28,30.3
2022-11-04,31.1
2022-11-11,33
2022-11-18,32.6
2022-11-25,33.1
2022-12-02,29.1
2022-12-09,27.8
2022-12-16,27.1
2022-12-23,26.9
2022-12-30,26.9
2023-01-06,32.4
2023-01-13,34.3
2023-01-20,34.8
2023-01-27,38
2023-02-03,40.2
2023-02-10,38
2023-02-17,38.7
2023-02-24,36
2023-03-03,33.6
2023-03-10,30
2023-03-17,33.2
2023-03-24,35
2023-03-31,38.7
2023-04-14,37.1
2023-04-21,36.4
2023-04-28,37.8
2023-05-05,42.3
2023-05-12,42.7
2023-05-19,46.7
2023-05-26,49
2023-06-02,59.5
2023-06-09,59.5
2023-06-16,60.7
2023-06-23,60
2023-06-30,60.7
2023-07-07,59.4
2023-07-14,60.4
2023-07-21,59.9
2023-07-28,60.4
2023-08-04,57.8
2023-08-11,56.4
2023-08-18,53.3
2023-08-25,55.1
2023-09-01,54.5
2023-09-08,52.6
2023-09-15,51.7
2023-09-22,46.3
2023-09-29,45.9
2023-10-06,42.8
2023-10-13,41.8
2023-10-20,37.8
2023-10-27,35.5
2023-11-03,49.1
2023-11-10,51.5
2023-11-17,54.2
2023-11-24,54.8
2023-12-01,56.6
2023-12-08,56.8
2023-12-15,59.1
2023-12-22,59.5
2023-12-29,59.2
2024-01-05,53.2
2024-01-12,56.2
2024-01-19,57.8
2024-01-26,58
2024-02-02,61.8
2024-02-09,62.6
2024-02-16,61.5
2024-02-23,62
2024-03-01,65.3
2024-03-08,64.2
2024-03-15,63.2
2024-03-22,64.8
2024-04-05,59.1
2024-04-12,58.2
2024-04-19,50.7
2024-04-26,55.7
2024-05-03,60.9
2024-05-10,61.7
2024-05-17,63.2
2024-05-24,63.9
2024-05-31,62.7
2024-06-07,67.2
2024-06-14,68.4
2024-06-21,68.2
2024-06-28,68.1
2024-07-05,66.1
2024-07-12,65.9
2024-07-19,63.8
2024-07-24,61.5
2024-07-25,60.2
2024-07-26,61.3
2024-07-29,61.2
2024-07-30,59.5
2024-07-31,62.3
2024-08-01,60.6
2024-08-02,57.1
2024-08-05,53.3
2024-08-06,54.2
2024-08-07,53.1
2024-08-08,55.8
2024-08-09,56.3
2024-08-12,56.4
2024-08-13,59.4
2024-08-14,59.3
2024-08-15,62
2024-08-16,62.1
2024-08-19,63.4
2024-08-20,62.9
2024-08-21,63.3
2024-08-22,61.3
2024-08-23,62.8
2024-08-26,61.8
2024-08-27,61.8
2024-08-28,60.2
2024-08-29,59.7
2024-08-30,61.1
2024-09-03,58.8
2024-09-04,58.3
2024-09-05,58.5
2024-09-06,55.7
2024-09-09,56.8
2024-09-10,57.5
2024-09-11,60
2024-09-12,61.2
2024-09-13,62.1
2024-09-16,61.1
2024-09-17,61.3
2024-09-18,60.7
2024-09-19,63.9
2024-09-20,63.3
2024-09-23,63.4
2024-09-24,63.9
2024-09-25,63.8
2024-09-26,64.4
2024-09-27,63.7
2024-09-30,64.1
2024-10-01,60.9
2024-10-02,60.8
2024-10-03,60.7
2024-10-04,62.2
2024-10-07,60.5
2024-10-08,62.2
2024-10-09,62.9
2024-10-10,62.7
2024-10-11,63
2024-10-14,63.8
2024-10-15,62.5
2024-10-16,62.7
2024-10-17,62.7
2024-10-18,63.3
2024-10-21,63.5
2024-10-22,63.6
2024-10-23,61.3
2024-10-24,62.2
2024-10-25,62.8
2024-10-28,63
2024-10-29,63.8
2024-10-30,63
2024-10-31,59.1
2024-11-01,62.2
2024-11-04,61.6
2024-11-05,63.5
2024-11-06,66.8
2024-11-07,68
2024-11-08,68
2024-11-11,67.9
2024-11-12,67.7
2024-11-13,67.5
2024-11-14,66.8
2024-11-15,64
2024-11-18,64.7
2024-11-19,65.9
2024-11-20,65.6
2024-11-21,65.5
2024-11-22,65.6
2024-11-25,65.8
2024-11-26,66.4
2024-11-27,65.6
2024-11-29,66.4
2024-12-02,74.6
2024-12-03,74.9
2024-12-04,75.8
2024-12-05,75.5
2024-12-06,76
2024-12-09,75.5
2024-12-10,75.3
2024-12-11,76.4
2024-12-12,75.9
2024-12-13,75.9
2024-12-16,76.5
2024-12-17,76.3
2024-12-18,73.3
2024-12-19,73
2024-12-20,74
2024-12-23,74.8
2024-12-24,75.7
2024-12-26,75.6
2024-12-27,74.3
2024-12-30,73
2024-12-31,71.7
2025-01-02,72.6
2025-01-03,74.7
2025-01-06,75.8
2025-01-07,73.7
2025-01-08,73.5
2025-01-10,71.2
2025-01-13,70.6
2025-01-14,70.1
2025-01-15,73.3
2025-01-16,72
2025-01-17,73.9
2025-01-21,74.5
2025-01-22,75.7
2025-01-23,75.8
2025-01-24,75.2
2025-01-27,71.2
2025-01-28,73.8
2025-01-29,73
2025-01-30,73.2
2025-01-31,72.7
2025-02-03,55.1
2025-02-04,56.8
2025-02-05,56.9
2025-02-06,57.4
2025-02-07,55.4
2025-02-10,56.5
2025-02-11,56
2025-02-12,55.9
2025-02-13,57.7
2025-02-14,58.1
2025-02-18,58
2025-02-19,58
2025-02-20,57.2
2025-02-21,54
2025-02-24,52.3
2025-02-25,50.8
2025-02-26,50.9
2025-02-27,48.4
2025-02-28,49.6
2025-03-03,39.7
2025-03-04,39.4
2025-03-05,40.4
2025-03-06,38.6
2025-03-07,39
2025-03-10,36.8
2025-03-11,36.7
2025-03-12,37.2
2025-03-13,36.3
2025-03-14,37.5
2025-03-17,37.7
2025-03-18,36.8
2025-03-19,37.4
2025-03-20,37.3
2025-03-21,37.5
2025-03-24,38.8
2025-03-25,39.1
2025-03-26,37.8
2025-03-27,37.5
2025-03-28,36.3
2025-03-31,36.3
2025-04-01,38.7
2025-04-02,39
2025-04-03,37
2025-04-04,36
2025-04-07,36
2025-04-08,35.8
2025-04-09,38
2025-04-10,36.8
2025-04-11,37.3
2025-04-14,37.5
2025-04-15,37.5
2025-04-16,36.8
2025-04-17,36.8
2025-04-21,36.3
2025-04-22,36.8
2025-04-23,37.4
2025-04-24,38.3
2025-04-25,38.8
2025-04-28,38.8
2025-04-29,39
2025-04-30,39
2025-05-01,45.2
2025-05-02,46.1
2025-05-05,45.6
2025-05-06,45.2
2025-05-07,45.3
2025-05-08,46
2025-05-09,46
2025-05-12,48.9
2025-05-13,50.4
2025-05-14,51.1
2025-05-15,50.9
2025-05-16,51.3
2025-05-19,51.3
2025-05-20,50.9
2025-05-21,49.4
2025-05-22,49.6
2025-05-23,48.6
2025-05-27,50.9
2025-05-28,50.3
2025-05-29,50.6
2025-05-30,50.3
2025-06-02,54.8
2025-06-03,55.6
2025-06-04,55.9
2025-06-05,55
2025-06-06,56.3
2025-06-09,56.6
2025-06-10,57.3
2025-06-11,56.6
2025-06-12,56.9
2025-06-13,55.2
2025-06-16,57
2025-06-17,55.8
2025-06-18,55.9
2025-06-20,55.2
2025-06-23,56.3
2025-06-24,58
2025-06-25,58.3
2025-06-26,59.6
2025-06-27,60.1
2025-06-30,60.6
2025-07-01,60.1
2025-07-02,61.2
2025-07-03,62.5
2025-07-07,61.1
2025-07-08,61.1
2025-07-09,62.2
2025-07-10,62.3
2025-07-11,61.9
2025-07-14,62.1
2025-07-15,62.3
2025-07-16,62.5
2025-07-17,63.3
2025-07-18,63.3
2025-07-21,63.6
2025-07-22,63.1
2025-07-23,63.6
2025-07-24,63.7
2025-07-25,63.9
2025-07-28,64.1
2025-07-29,63.7
2025-07-30,63.8
2025-07-31,63.7
2025-08-01,60.6
2025-08-04,63
2025-08-05,62.2
2025-08-06,63.4
2025-08-07,63.7
2025-08-08,64.5
2025-08-11,64.2
2025-08-12,65.2
2025-08-13,65.3
2025-08-14,65.2
2025-08-15,64.8
2025-08-18,64.8
2025-08-19,63.4
2025-08-20,62.6
2025-08-21,62.1
2025-08-22,64
2025-08-25,63.7
2025-08-26,64
2025-08-27,64.2
2025-08-28,64.6
2025-08-29,63.5
2025-09-02,66.1
2025-09-03,67.2
2025-09-04,68
2025-09-05,67.9
2025-09-08,68.2
2025-09-09,68.5
2025-09-10,68.4
2025-09-11,68.9
2025-09-12,69.2
2025-09-15,69.7
2025-09-16,69.6
2025-09-17,69.4
2025-09-18,69.8
2025-09-19,70.1
2025-09-22,70.3
2025-09-23,69.9
2025-09-24,69.7
2025-09-25,69.4
2025-09-26,69.6
2025-09-29,69.8
2025-09-30,69.9
2025-10-01,73.4
2025-10-02,73.5
2025-10-03,73.4
2025-10-06,73.6
2025-10-07,73.3
2025-10-08,73.7
2025-10-09,73.7
2025-10-10,71.5
2025-10-13,73
2025-10-14,72.5
2025-10-15,72.8
2025-10-16,72.5
2025-10-17,72.8
2025-10-20,73.4
2025-10-21,73.3
2025-10-22,72.7
2025-10-23,73.2
2025-10-24,73.6
2025-10-27,74.3
2025-10-28,74.5
2025-10-29,74.7
2025-10-30,74.1
2025-10-31,74.3
2025-11-03,70.8
2025-11-04,70
2025-11-05,70.2
2025-11-06,69.3
2025-11-07,69.1
2025-11-10,70.2
2025-11-11,70
2025-11-12,69.9
2025-11-13,68.5
2025-11-14,68.5
2025-11-17,67.8
2025-11-18,66.5
2025-11-19,67.1
2025-11-20,64.5
2025-11-21,65.5
2025-11-24,68.1
2025-11-25,68.5
2025-11-26,69
2025-11-28,69.4
2025-12-01,66.9
2025-12-02,67.2
2025-12-03,67.2
2025-12-04,67.3
2025-12-05,67.4
2025-12-08,67.3
2025-12-09,67.3
2025-12-10,67.4
2025-12-11,67.2
2025-12-12,66
2025-12-15,65.4
2025-12-16,65.5
2025-12-17,63.6
2025-12-18,64.9
2025-12-19,65.9
2025-12-22,66.2
2025-12-23,66.6
2025-12-24,66.6
2025-12-26,66.4
2025-12-29,65.9
2025-12-30,65.6
2025-12-31,64.8
2026-01-02,64.3
2026-01-05,64.8
2026-01-06,65.3
2026-01-07,65.3
2026-01-08,64.7
2026-01-09,65.3
2026-01-12,65.4
2026-01-13,65.3
2026-01-14,64.2
2026-01-15,64.3
2026-01-16,64.1
2026-01-20,60.9
2026-01-21,62.3
2026-01-22,63.2
2026-01-23,63.3
2026-01-26,63.6
2026-01-27,64.4
2026-01-28,64.3
2026-01-29,63.4
2026-01-30,62
2026-02-02,66.8
2026-02-03,64.7
2026-02-04,62.4
2026-02-05,60.3
2026-02-06,62.7
2026-02-09,63.7
2026-02-10,62.7
2026-02-11,62.4
2026-02-12,59.9
2026-02-13,59.6
2026-02-17,59.6
2026-02-18,60.2
2026-02-19,59.8
2026-02-20,60.6
2026-02-23,59.3
2026-02-24,60.3
2026-02-25,61.5
2026-02-26,60.1
2026-02-27,59.1
2026-03-02,56.9
2026-03-03,55.9
2026-03-04,57.1
2026-03-05,56.7
2026-03-06,55.3
2026-03-09,56.3
2026-03-10,56.2
2026-03-11,56.2
2026-03-12,54.8
2026-03-13,54
2026-03-16,54.9
2026-03-17,55.2
2026-03-18,54
2026-03-19,53.8
2026-03-20,52.5
2026-03-23,53.3
2026-03-24,52.8
2026-03-25,53.2
2026-03-26,51.8
2026-03-27,50.8
2026-03-30,50.6
2026-03-31,52.2
2026-04-01,64.6
2026-04-02,64.7
2026-04-06,64.9
2026-04-07,65
2026-04-08,66.8
2026-04-09,67.4
2026-04-10,67.6
2026-04-13,68.8
2026-04-14,70.7
2026-04-15,72.6
2026-04-16,73
2026-04-17,74.9
2026-04-20,74.5
2026-04-21,73.5
2026-04-22,75.6
2026-04-23,74.4
2026-04-24,76.4
2026-04-27,76.5
2026-04-28,75.1
2026-04-29,75.1
2026-04-30,76.1
2026-05-01,78.6
2026-05-04,78.2
2026-05-05,79.2
2026-05-06,80.9
2026-05-07,80.7
2026-05-08,81.8
2026-05-11,81.8
2026-05-12,81.3
2026-05-13,81.9
2026-05-14,82.3
2026-05-15,81.4
2026-05-18,80.9
2026-05-19,80.2
2026-05-20,81.3
2026-05-21,81.3
2026-05-22,81.3
2026-05-26,82
2026-05-27,81.9
2026-05-28,82.3
2026-05-29,82.3
2026-06-01,77.9
2026-06-02,77.8
2026-06-03,77.4
2026-06-04,77.3
2026-06-05,73.5
2026-06-08,74.4
2026-06-09,73.2
2026-06-10,70.3
2026-06-11,73.5
2026-06-12,73.8
2026-06-15,76.5
2026-06-16,75.5
2026-06-17,74
2026-06-18,75.8
2026-06-22,74.4
2026-06-23,71.5
2026-06-24,70.8
2026-06-25,70.1
2026-06-26,69.6
2026-06-29,72.3
2026-06-30,74.1
2026-07-01,72.3
2026-07-02,71.1
2026-07-06,72.4
2026-07-07,70.8
2026-07-08,71
2026-07-09,72.6
2026-07-10,72.8